ACC,CUSTOMER
Car001,Carly Rae Jepsen
Ant002,Antimatter
Psy003,Psycroptic
Evo004,Evoken
In 005,In The Woods...
Sig006,Sigh
Arc007,Architects
Ope008,Opera IX
Ein009,Einherjer
Art0010,Artillery
Sui0011,Suidakra
Dea0012,Death
Meg0013,Megadeth
Met0014,Metallica
Jud0015,Judas Priest
Ope0016,Opeth
Iro0017,Iron Maiden
Bla0018,Black Sabbath
Iro0019,Iron Maiden
Dea0020,Death
Amo0021,Amorphis
Jud0022,Judas Priest
Riv0023,Riverside
Ant0024,Antimatter
Shy0025,Shylmagoghnar
Nig0026,Night Verses
The0027,The Ocean
Riv0028,Rivers Of Nihil
Slu0029,Slugdge
Nec0030,Necrophobic
Gho0031,Ghost